"parameter","true_value","recovered","pct_error"
"ka",0.0078,0.00875668091895203,12.2651399865645
"Vc",1.58,2.16858775580933,37.2523896081853
"Vp",6.06,6.19046594226695,2.15290333773839
"CL",0.006,0.00706264924281284,17.7108207135473
"kint",0.022,0.0167956136476507,-23.6563016015879
"Kss",1.56,1.26270747633366,-19.0572130555343
"ksyn",0.01,0.00765273081834054,-23.4726918165946
"R0",15.23,15.6382696965077,2.68069400202015
